"","idigbio.uuid","dwc.genus","dwc.specificEpithet","dwc.institutionCode","dwc.catalogNumber"
"1","41f76321-ebf6-4b33-b4ff-c88d39445a98","Holothuria","","MCZ","HOL-1208"
"2","75093908-94c0-4fa2-be12-d060d0d02390","Holothuria","","FLMNH","13673-Echinodermata"
"3","d4fda3a1-7333-4419-a0aa-dee88f04a46b","Holothuria","","FLMNH","14571-Echinodermata"
"4","5a15e1fb-e020-4d39-8606-2d0ee4513c83","Holothuria","","FLMNH","985-Echinodermata"
"5","3416e5e0-934c-47e7-ab09-fe2b6591f94f","Holothuria","","FLMNH","8729-Echinodermata"
"6","00e22a58-4c00-4c22-a165-9ed436c65270","Holothuria","","CAS","184130"
"7","5c2e89b9-b4df-4cba-86b7-b03f3259aa9c","Holothuria","","FLMNH","14984-Echinodermata"
"8","a442e178-6aea-40ed-9d87-f3089911016d","Holothuria","","FLMNH","10340-Echinodermata"
"9","cac1fe49-678b-4813-9722-d2ae1bee930a","Holothuria","","FLMNH","4256-Echinodermata"
"10","e1f701c1-39d0-48cc-b1eb-ebddf7dbf241","Holothuria","","FLMNH","7286-Echinodermata"
"11","27476d0c-0fb5-41b1-afd1-3560f68a31bc","Holothuria","","FLMNH","10320-Echinodermata"
"12","fd748151-35f1-4df8-a2a1-e43c26559c2e","Holothuria","","FLMNH","12076-Echinodermata"
"13","ef78a4c3-ef71-4ca2-bc09-7dfb2aa2272c","Holothuria","","FLMNH","11757-Echinodermata"
"14","2cf532f2-5f6c-47c1-b02c-3e78111783da","Holothuria","","FLMNH","1770-Echinodermata"
"15","b002db43-3ec3-450a-ae4c-5b099aaa7adc","Holothuria","","FLMNH","1757-Echinodermata"
"16","1cd25453-14b5-40cf-8160-c8b18a848ea6","Holothuria","","FLMNH","11231-Echinodermata"
"17","ced7c4d7-fe06-48c1-a818-aabf93607fd1","Holothuria","","FLMNH","6248-Echinodermata"
"18","fe5806e1-3f43-4048-90e5-82d79c2955ea","Holothuria","","CAS","111383"
"19","77f9cfb1-ecb2-4777-afab-3323fd328849","Holothuria","","FLMNH","11232-Echinodermata"
"20","25820287-b3a2-46a9-bd4e-e6c993908a73","Holothuria","","FLMNH","11758-Echinodermata"
"21","acadf538-7189-4517-b6f7-33f616b6f267","Holothuria","","FLMNH","5129-Echinodermata"
"22","49f9ed67-8fad-49a1-94d4-3fd626f4fa95","Holothuria","","CAS","125699"
"23","d2a2b298-3bc0-4d81-8b49-d3195e30f0bc","Holothuria","","FLMNH","15458-Echinodermata"
"24","51be8ad3-66e8-40dc-ad5d-0062d64509dc","Holothuria","","FLMNH","15468-Echinodermata"
"25","5a264aad-f6b3-4aa9-877e-f61ea969a44e","Holothuria","","FLMNH","1878-Echinodermata"
"26","61379bbf-7f44-4a2c-a9ce-edf884a2e863","Holothuria","","FLMNH","16110-Echinodermata"
"27","fc7d041e-e14a-4e69-ab6b-1d71efd7c7cc","Holothuria","","FLMNH","1877-Echinodermata"
"28","c111e3c9-9008-4d18-9c10-3c944c40f4d1","Holothuria","","FLMNH","7862-Echinodermata"
"29","e8e4837f-85dd-4e4f-a417-3557e8229f04","Holothuria","","FLMNH","12505-Echinodermata"
"30","9c2c4072-1ab6-4ec8-afd4-1caefd7f87a4","Holothuria","","MCZ","HOL-871"
"31","a61dd900-74b1-49a3-8fb9-042290d1d2ef","Holothuria","","CAS","111364"
"32","86f2925c-16c0-4b88-ada2-4bcad6e61798","Holothuria","","FLMNH","13339-Echinodermata"
"33","0b3ab0f6-a4b7-4b6b-9731-b6fb73169fdb","Holothuria","","FLMNH","16114-Echinodermata"
"34","d3db26ce-7717-45d8-a4b1-2c2afeeef553","Holothuria","","CAS","141529"
"35","eb737cff-9ca3-4812-9f78-ac08c036d00e","Holothuria","","CAS","199547"
"36","3b3721b6-2d9c-408f-b4b3-81bcbb1f5b2c","Holothuria","","FLMNH","13659-Echinodermata"
"37","8f254475-c8c7-410a-bf7e-d48f7b55e44c","Holothuria","","YPM","YPM IZ 000929.EC"
"38","9e7d3493-a0ae-4cf9-bd8f-254f0eb026d8","Holothuria","","FLMNH","11114-Echinodermata"
"39","09be5616-38c9-4e3a-b3d2-9639ba0e201b","Holothuria","","FLMNH","6667-Echinodermata"
"40","b851ab72-7b7a-44b3-bba9-3a35f526ec1d","Holothuria","","FLMNH","12286-Echinodermata"
"41","01825bf3-3a7c-4906-9be8-beb190473444","Holothuria","","FLMNH","7586-Echinodermata"
"42","5a3e5f1f-327c-475d-99f4-7d745f8e1579","Holothuria","","FLMNH","1586-Echinodermata"
"43","dbcb585b-a288-4fd7-9df3-231982f248c2","Holothuria","","FLMNH","7285-Echinodermata"
"44","05aef29b-3e93-4789-8186-56db6d88ac99","Holothuria","","FLMNH","15172-Echinodermata"
"45","21402bea-2755-4398-a3ec-11cf0e00487b","Holothuria","","MCZ","HOL-918"
"46","21461938-fa45-48fb-9996-22305b72f8d4","Holothuria","","FLMNH","14830-Echinodermata"
"47","69890e47-9bc5-4a89-afe1-5efe19f9ca3e","Holothuria","","FLMNH","14590-Echinodermata"
"48","2aea6945-56dc-40ef-ba80-27298682fc6b","Holothuria","","FLMNH","14053-Echinodermata"
"49","3c72ac63-3366-4746-a0b8-ed1e23cc87be","Holothuria","","FLMNH","13356-Echinodermata"
"50","5c5196c4-cd93-41d5-a65a-8151548bf8cb","Holothuria","","FLMNH","6366-Echinodermata"
"51","fcc527b3-4e3e-45fe-9ef4-edc6faa48339","Holothuria","","CAS","111375"
"52","8a24f2bd-cde8-440c-bc61-0f7a075319fc","Holothuria","","FLMNH","10997-Echinodermata"
"53","17cbdf93-e79d-4909-ace1-1cc1cbd6ff94","Holothuria","","FLMNH","1647-Echinodermata"
"54","0f2edbbc-99a7-43b2-abe8-c0f21d376517","Holothuria","","FLMNH","1746-Echinodermata"
"55","1cfe5a6f-bc12-46a2-8828-c9195edaf292","Holothuria","","CAS","111360"
"56","0713089b-aa9c-4055-989c-d73d368f689e","Holothuria","","CAS","199757"
"57","f87a3d2a-d400-4bfe-a23f-c225df1039ca","Holothuria","","CAS","140662"
"58","d6032040-bcb1-4288-8252-9127a5da9a60","Holothuria","","FLMNH","16051-Echinodermata"
"59","dad3254a-2ee4-4108-b28a-fff5d734607b","Holothuria","","FLMNH","15415-Echinodermata"
"60","41466142-11c0-43f7-b2b4-2f2b84dd8b60","Holothuria","","FLMNH","10317-Echinodermata"
"61","1b128029-81a3-4d8c-a018-28f80b0dadc8","Holothuria","","FLMNH","2002-Echinodermata"
"62","61347dca-ecb3-465a-a61e-cc5216c726e5","Holothuria","","FLMNH","15471-Echinodermata"
"63","c4211c26-a275-4ac5-9d8d-028ef173852d","Holothuria","","FLMNH","3626-Echinodermata"
"64","411d7422-d7fe-471c-9c4e-0a9fbae3e286","Holothuria","","FLMNH","14591-Echinodermata"
"65","7b9e7009-b9ca-4a2e-8e0e-c529cfca2bcb","Holothuria","","FLMNH","5574-Echinodermata"
"66","3528116c-c33d-41b1-a6e3-54b300890f1d","Holothuria","","FLMNH","3629-Echinodermata"
"67","1347e263-d0dd-428f-8c2e-89fee368fbe6","Holothuria","","CAS","141530"
"68","3792e27b-d355-4fa6-825d-fc3330829631","Holothuria","","FLMNH","7912-Echinodermata"
"69","3122aa62-fbcc-4448-8a66-d6afa84e2e81","Holothuria","","CAS","184107"
"70","c9addc7a-4db6-4f76-b2fe-2847ec6b6e7e","Holothuria","","CAS","117999"
"71","9e0d4d6a-1a8b-4680-8a51-866b8b92b6c0","Holothuria","","FLMNH","4141-Echinodermata"
"72","929553c1-2544-4920-9ae2-9ae16ac60ac3","Holothuria","","FLMNH","979-Echinodermata"
"73","ba6d4469-c430-4815-b02e-05d4027cf22a","Holothuria","","FLMNH","455-Echinodermata"
"74","946842bc-7034-45bc-8b91-e4afc5e7b2ec","Holothuria","","FLMNH","15749-Echinodermata"
"75","c138db27-1d2a-4ba6-8aad-06438cc3333a","Holothuria","","CAS","111361"
"76","811a27a4-abbf-4e05-bff0-55eb267f6a45","Holothuria","","CAS","199668"
"77","3a0a3ce9-6864-40db-8a08-48410705e201","Holothuria","","FLMNH","13646-Echinodermata"
"78","f3e37341-9b5b-4418-af55-c76ce9bc8e15","Holothuria","","FLMNH","984-Echinodermata"
"79","2c4af1a0-6572-4269-b95d-283531ce592b","Holothuria","","FLMNH","11178-Echinodermata"
"80","488d8600-4a66-431e-bb58-71d8c8a18f40","Holothuria","","FLMNH","9412-Echinodermata"
"81","eb10a305-c5df-4727-8c29-9636cfd02967","Holothuria","","FLMNH","7156-Echinodermata"
"82","17cc0507-8a2b-4a5d-91b7-7f8111818f7c","Holothuria","","FLMNH","4078-Echinodermata"
"83","ce364e3e-65b8-43a8-b453-7630371c9b05","Holothuria","","FLMNH","11249-Echinodermata"
"84","12b553ad-7824-48b8-8d88-b2b978b3dae7","Holothuria","","FLMNH","7228-Echinodermata"
"85","f0e68cc5-e6c2-416c-8a63-5596cc051e84","Holothuria","","FLMNH","1707-Echinodermata"
"86","e2899052-a9bc-4604-af6a-eaa54c1f2ccc","Holothuria","","FLMNH","1797-Echinodermata"
"87","2d437fb0-2eea-43dc-ab85-95370d6e1f6e","Holothuria","","FLMNH","972-Echinodermata"
"88","567aff71-c3bf-4928-9e1f-32aef16c499d","Holothuria","","FLMNH","11083-Echinodermata"
"89","c8b8fb50-23e9-460f-8686-8402bff01bff","Holothuria","","FLMNH","11815-Echinodermata"
"90","338d3634-ef73-4e86-a563-85de5e6e7035","Holothuria","","FLMNH","11846-Echinodermata"
"91","c42241ca-13f8-4fc3-ba31-9155231a402e","Holothuria","","FLMNH","2745-Echinodermata"
"92","c70d924c-2f3b-4400-9971-e7d4457e8b85","Holothuria","","FLMNH","15187-Echinodermata"
"93","8754fe39-6ff6-465e-a91f-d54faf45fab8","Holothuria","","FLMNH","11203-Echinodermata"
"94","65e2af45-fcd3-497f-9f2a-1d46d2a84ed2","Holothuria","","FLMNH","13315-Echinodermata"
"95","0b6da940-9411-4d4a-bf4f-5de2870677d0","Holothuria","","FLMNH","14613-Echinodermata"
"96","e2743139-a870-44c6-858c-00d286916f52","Holothuria","","FLMNH","2262-Echinodermata"
"97","64671dee-2793-4482-8f03-e89fa1fe2b4d","Holothuria","","FLMNH","7154-Echinodermata"
"98","2a58f800-6c28-469e-bded-2925cc1c627b","Holothuria","","FLMNH","13674-Echinodermata"
"99","11c28966-c30e-412e-bd08-d0b1a8698595","Holothuria","","FLMNH","14516-Echinodermata"
"100","c9c1d09e-2f75-4398-a292-17aaca89e322","Holothuria","","FLMNH","7998-Echinodermata"
"101","cbab31d6-25b3-42bc-a28b-2aa0a7007b7c","Holothuria","","FLMNH","12906-Echinodermata"
"102","5120a2e7-3c33-4468-879e-11b814ac5f2b","Holothuria","","FLMNH","13188-Echinodermata"
"103","d38ec5ec-0d84-4c39-9a91-76f370864acb","Holothuria","","FLMNH","2355-Echinodermata"
"104","408fd78f-1343-4a0d-982c-2de7030ac62a","Holothuria","","MCZ","125925"
"105","064437a5-58ec-4f7f-9945-13ce1e065133","Holothuria","","FLMNH","4527-Echinodermata"
"125","b0fecedc-2f59-4e6a-8f43-8f7e430ae7cd","Holothuria","annulifera","CAS","184142"
"450","e284525e-a5b9-483f-95b4-bb971cba2e06","Holothuria","canaliculata","FLMNH","7643-Echinodermata"
"706","19701098-7e86-40e2-8e0d-79d847653630","Holothuria","dofleini","FLMNH","6075-Echinodermata"
"707","194fa8a6-a91c-4a7c-ab6d-87195e26a268","Holothuria","dofleini","FLMNH","1326-Echinodermata"
"708","c9049c41-60a8-498e-adf3-0f56b354fbf3","Holothuria","dofleini","FLMNH","4801-Echinodermata"
"709","589d3c61-6f75-4d07-bff8-fff2238d4e04","Holothuria","dofleini","FLMNH","6132-Echinodermata"
"710","f6d6112e-ba3e-4b63-b54b-c6a001023083","Holothuria","dofleini","FLMNH","6120-Echinodermata"
"711","c0b94d53-0a12-4823-bf2e-67f4e4b55d6e","Holothuria","dofleini","FLMNH","6069-Echinodermata"
"712","37f80585-6311-470b-b5ac-372213690382","Holothuria","dofleini","FLMNH","6269-Echinodermata"
"868","12ee6374-f86e-4d6a-b57c-2cddf137045d","Holothuria","erinaceus","MCZ","HOL-870"
"869","4617b91b-97bd-4659-bf0a-3b75d6f3f86e","Holothuria","erinaceus","MCZ","HOL-664"
"870","65d5191e-893f-49b3-9dd1-4da7c96fca10","Holothuria","erinaceus","MCZ","HOL-666"
"871","b7941533-630b-4e70-98f6-54e1aefce563","Holothuria","erinaceus","MCZ","HOL-579"
"953","fc6c3d31-f1af-4e5b-88b5-136a5453f393","Holothuria","frequentiamensis","CAS","21165"
"1145","896f3418-f5e9-4a5b-8e1f-d1da7bca3b98","Holothuria","gyrifer","MCZ","HOL-1535"
"1146","dcb3f97d-f664-4dd9-92d8-6a2a3d337a00","Holothuria","gyrifer","MCZ","HOL-1534"
"2189","695095c8-5e16-4f74-9336-9e5f1d421081","Holothuria","n sp","MCZ","HOL-2081"
"2190","1b76fbe8-f6ec-4164-ac42-65c5ffabb1f4","Holothuria","n sp","MCZ","HOL-2126"
"2191","1f1353c2-5c3a-42d4-99c4-f2fd96a35581","Holothuria","n sp","MCZ","HOL-874"
"2192","960c7451-9218-472c-96b4-62c31338390a","Holothuria","n sp","MCZ","HOL-1919"
"2193","1ffaf0ff-05a7-4800-bd47-698e4d10696e","Holothuria","n sp","MCZ","32007"
"2490","a1f33104-8b04-4c25-8203-49e555c4fae5","Holothuria","philippinensis","FLMNH","8870-Echinodermata"
"2491","fb3d9b88-11ec-4d22-a6e9-0a59c7f6f276","Holothuria","philippinensis","FLMNH","16179-Echinodermata"
"2492","77b53492-6ea9-4fd6-b716-516d639b4c0b","Holothuria","philippinensis","FLMNH","8301-Echinodermata"
"2687","d33c40ef-ea0e-479d-9bd8-4eb7e2e1cc36","Holothuria","similis","MCZ","126454"
"2688","f256f8cd-bbd1-4b37-aa51-61c15ee4518d","Holothuria","similis","MCZ","HOL-1016"
"2689","49a2002a-c63f-4e5a-ad0c-3584dfd35eff","Holothuria","sp. ""pentard""","FLMNH","11327-Echinodermata"
"2690","099ee07d-98e6-4425-b803-d9bf3d0d9a0d","Holothuria","sp. ""pentard""","FLMNH","11322-Echinodermata"
"2691","c5805e18-b4d7-4539-bfc5-38b794af814b","Holothuria","sp. ""pentard""","FLMNH","11323-Echinodermata"
"2692","1e643533-f99d-4a1b-9048-277e172e6e73","Holothuria","sp. ""pentard""","FLMNH","11326-Echinodermata"
"2693","790e8dff-ba2d-426b-848f-07a9f2fa1da7","Holothuria","sp. ""pentard""","FLMNH","11325-Echinodermata"
"2694","6887dc74-9daa-45c7-a9b6-027b907cf39f","Holothuria","sp. ""pentard""","FLMNH","11340-Echinodermata"
"2695","aad36848-a722-43ec-aa57-8954b5ee08e6","Holothuria","sp. ""pentard""","FLMNH","11324-Echinodermata"
"2696","8f8d9040-8dcd-44a6-907f-4b9aef4fd9a0","Holothuria","sp. ""pentard""","FLMNH","11321-Echinodermata"
"2697","7abef873-fc8a-477c-80bd-4a65226eaf4a","Holothuria","sp. (Pittman sp. 2)","FLMNH","932-Echinodermata"
"2698","ff7fe427-13a2-44de-af17-863934cb251b","Holothuria","sp. (Pittman sp. 2)","FLMNH","1587-Echinodermata"
"2699","0bfca8ac-cb6f-4b6d-9db4-e039a62d19aa","Holothuria","sp. (Pittman sp. 2)","FLMNH","929-Echinodermata"
"2700","8f238e84-d6a2-4e4e-a5d0-8b9316c32d5f","Holothuria","sp. 17","FLMNH","1846-Echinodermata"
"2701","4e46f0e7-98a2-4511-96d5-dcd6daef8144","Holothuria","sp. 18","FLMNH","5892-Echinodermata"
"2702","b8f9ae1d-f1b3-4f01-9fef-638ed39d0158","Holothuria","sp. 18","FLMNH","5893-Echinodermata"
"2703","e66d12df-74e3-47e0-a7e3-42857253da79","Holothuria","sp. 18","FLMNH","5896-Echinodermata"
"2704","15c3e105-3d1e-407f-8f1c-e75da3e8684c","Holothuria","sp. 18","FLMNH","5621-Echinodermata"
"2705","569ef0ec-256e-4271-a41d-e280f4d34345","Holothuria","sp. 21","FLMNH","3453-Echinodermata"
"2706","b38187da-684b-4a79-9e57-940d38611dbc","Holothuria","sp. 23","FLMNH","11033-Echinodermata"
"2707","41130c82-3f09-4c21-85bd-195e10b766d3","Holothuria","sp. 23","FLMNH","11034-Echinodermata"
"2708","1175ca3e-a33e-4ff1-85c5-a3b67119f874","Holothuria","sp. 23","FLMNH","1734-Echinodermata"
"2709","1c91ef71-72af-4ee6-918e-7b6dc31bf824","Holothuria","sp. 23","FLMNH","11035-Echinodermata"
"2710","eee1c2c8-c83c-471a-bbdb-5e012321bca4","Holothuria","sp. 23","FLMNH","2324-Echinodermata"
"2711","7dd31ced-f4cc-4494-a09b-7a9045c92228","Holothuria","sp. 24","FLMNH","6881-Echinodermata"
"2712","f9fc1026-adf4-456f-afa6-ea92135b5ce8","Holothuria","sp. 25","FLMNH","7593-Echinodermata"
"2713","34db7fae-e0ac-4dec-bc9c-4948c1dd65c5","Holothuria","sp. 25","FLMNH","7579-Echinodermata"
"2714","0b1336c3-a226-4ad7-9bbe-ee36c8c36d05","Holothuria","sp. 25","FLMNH","7573-Echinodermata"
"2715","e44546eb-18d3-45dd-af6c-f686e01f9b35","Holothuria","sp. 25","FLMNH","7578-Echinodermata"
"2716","a0538b84-d7c6-4dd8-9ea7-b070151d450d","Holothuria","sp. 25","FLMNH","6309-Echinodermata"
"2717","2b77543b-0ec3-47af-971d-d5bcebdec0a7","Holothuria","sp. 26","FLMNH","6882-Echinodermata"
"2718","8c7f88cc-0d5f-4548-b76e-2dc6bde8205f","Holothuria","sp. 26","FLMNH","6883-Echinodermata"
"2719","b914c81a-4f16-41c2-9a63-686500786bc4","Holothuria","sp. 26","FLMNH","7314-Echinodermata"
"2720","5162594b-8af0-4746-b936-3cbca94c88ce","Holothuria","sp. 29","FLMNH","5411-Echinodermata"
"2721","0fb117c8-02ab-49fa-8e11-d4013abe1cb7","Holothuria","sp. 32","FLMNH","11955-Echinodermata"
"2722","065432e4-076b-480b-bfdb-01db3b9445d2","Holothuria","sp. 32","FLMNH","12087-Echinodermata"
"2723","a4f1259d-d47b-4029-b6bb-317a03da49d0","Holothuria","sp. 45","FLMNH","14911-Echinodermata"
"2724","2547641d-9d07-4ee5-ad5b-4ed1af6d1c0b","Holothuria","sp. 45","FLMNH","14912-Echinodermata"
"2725","1c108e10-b6dd-45e4-8809-492f3bce9f3f","Holothuria","sp. 6","FLMNH","1897-Echinodermata"
"2785","656d9154-879f-42d7-9b49-526f2c02db0e","Holothuria","trapedza","MCZ","HOL-1065"
"2791","ea5888fb-40a2-4145-a2ed-4cf395885923","Holothuria","tuberculosa","MCZ","HOL-1587"
